{
	"name": "AceLords Project Pegasus WordPress Plugins",
	"version": "1.2.1",
	"download_url": "https://github.com/acelords/pegasus-wordpress-plugin/raw/master/acelords-pegasus-wp-1.2.1.zip",

	"homepage": "https://github.com/acelords/pegasus-wordpress-plugin",
	"requires": "5.0",
	"tested": "5.5.3",
	"last_updated": "2020-11-02 10:33:00",
	"upgrade_notice": "Here's why you should upgrade...New available plugins released every week!",

	"author": "AceLords",
	"author_homepage": "https://www.acelords.space/",

	"sections": {
		"description": "AceLords Pegasus is a complete and complex freelancing-centered system aimed at complementing AceLords' Project Pegasus WordPress Plugins for complementing AceLords' Project Pegasus",
		"installation": "For first time installs and activation, you need to contact the developers prior. For subsequent installs(updates), click on the 'update now' button in the plugins page. Alternatively, you can head over to github and download the zipped file.",
		"changelog": "Changelog. <p>1.1.20: Added (ELW + CEE) Order Pages OceanWP</p> <p>1.1.17: Added (ECH) Order Page OceanWP</p> <p>1.1.16: Added Pricing Table</p> <p>1.0.3: Added OceanWP Home Order Form</p>",
		"available_plugins": "<ol><li>Home Order Form 1 (OceanWP)</li> <li>Pricing Table 1</li> <li>Order Form 1 (OceanWP)</li> <li>Order Form 2 (OceanWP)</li> <li>Order Form 3 (OceanWP)</li></ul>"
	},
	
	"icons" : {
		"1x" : "http://w-shadow.com/files/external-update-example/assets/icon-128x128.png",
		"2x" : "http://w-shadow.com/files/external-update-example/assets/icon-256x256.png"
    },

	"banners": {
		"low": "https://github.com/acelords/pegasus-wordpress-plugin/raw/master/assets/screenshot-2.jpg",
		"high": "https://github.com/acelords/pegasus-wordpress-plugin/raw/master/assets/screenshot-2.jpg"
	},

	"translations": [
	],

	"rating": 90,
	"num_ratings": 123,

	"downloaded": 12,
	"active_installs": 12
}