{
	"name": "AceLords Project Pegasus WordPress Plugins",
	"version": "1.1.13",
	"download_url": "https://github.com/acelords/pegasus-wordpress-plugin/raw/master/acelords-pegasus-wordpress-plugins.zip",

	"homepage": "https://github.com/acelords/pegasus-wordpress-plugin",
	"requires": "5.0",
	"tested": "5.5.3",
	"last_updated": "2020-11-01 23:33:00",
	"upgrade_notice": "Here's why you should upgrade...New available plugins",

	"author": "AceLords",
	"author_homepage": "https://acelords.space/",

	"sections": {
		"description": "AceLords Pegasus is a complete and complex freelancing-centered system aimed at\ncomplementing AceLords' Project Pegasus\nWordPress Plugins for complementing AceLords' Project Pegasus",
		"installation": "(Recommended) Installation instructions.",
		"changelog": "(Recommended) Changelog. <p>This section will be displayed by default when the user clicks 'View version x.y.z details'.</p>",
		"available_plugins": "1. OceanWP Home Order Form 2. Pricing Widget"
	},
	
	"icons" : {
		"1x" : "http://w-shadow.com/files/external-update-example/assets/icon-128x128.png",
		"2x" : "http://w-shadow.com/files/external-update-example/assets/icon-256x256.png"
    },

	"banners": {
		"low": "https://github.com/acelords/pegasus-wordpress-plugin/raw/master/assets/screenshot-1.jpg",
		"high": "https://github.com/acelords/pegasus-wordpress-plugin/raw/master/assets/screenshot-1.jpg"
	},

	"translations": [
	],

	"rating": 90,
	"num_ratings": 123,

	"downloaded": 12,
	"active_installs": 12
}